Country,State,Year,Variable,Unit,Value
United States of America,Alabama,2025,CO2 intensity,gCO2/kWh,359.41
United States of America,Alaska,2025,CO2 intensity,gCO2/kWh,416.45
United States of America,Arizona,2025,CO2 intensity,gCO2/kWh,282.98
United States of America,Arkansas,2025,CO2 intensity,gCO2/kWh,420.43
United States of America,California,2025,CO2 intensity,gCO2/kWh,177.11
United States of America,Colorado,2025,CO2 intensity,gCO2/kWh,355.39
United States of America,Connecticut,2025,CO2 intensity,gCO2/kWh,285.38
United States of America,Delaware,2025,CO2 intensity,gCO2/kWh,482.32
United States of America,Florida,2025,CO2 intensity,gCO2/kWh,397.63
United States of America,Georgia,2025,CO2 intensity,gCO2/kWh,317.96
United States of America,Hawaii,2025,CO2 intensity,gCO2/kWh,479.46
United States of America,Idaho,2025,CO2 intensity,gCO2/kWh,156.22
United States of America,Illinois,2025,CO2 intensity,gCO2/kWh,222.41
United States of America,Indiana,2025,CO2 intensity,gCO2/kWh,567.96
United States of America,Iowa,2025,CO2 intensity,gCO2/kWh,275.36
United States of America,Kansas,2025,CO2 intensity,gCO2/kWh,291.52
United States of America,Kentucky,2025,CO2 intensity,gCO2/kWh,671.17
United States of America,Louisiana,2025,CO2 intensity,gCO2/kWh,419.64
United States of America,Maine,2025,CO2 intensity,gCO2/kWh,228.11
United States of America,Maryland,2025,CO2 intensity,gCO2/kWh,270.4
United States of America,Massachusetts,2025,CO2 intensity,gCO2/kWh,371.72
United States of America,Michigan,2025,CO2 intensity,gCO2/kWh,406.76
United States of America,Minnesota,2025,CO2 intensity,gCO2/kWh,305.8
United States of America,Mississippi,2025,CO2 intensity,gCO2/kWh,413.44
United States of America,Missouri,2025,CO2 intensity,gCO2/kWh,587.21
United States of America,Montana,2025,CO2 intensity,gCO2/kWh,333.23
United States of America,Nebraska,2025,CO2 intensity,gCO2/kWh,400.49
United States of America,Nevada,2025,CO2 intensity,gCO2/kWh,299.02
United States of America,New Hampshire,2025,CO2 intensity,gCO2/kWh,169.1
United States of America,New Jersey,2025,CO2 intensity,gCO2/kWh,246.21
United States of America,New Mexico,2025,CO2 intensity,gCO2/kWh,307.04
United States of America,New York,2025,CO2 intensity,gCO2/kWh,247.58
United States of America,North Carolina,2025,CO2 intensity,gCO2/kWh,316.22
United States of America,North Dakota,2025,CO2 intensity,gCO2/kWh,468.41
United States of America,Ohio,2025,CO2 intensity,gCO2/kWh,479.05
United States of America,Oklahoma,2025,CO2 intensity,gCO2/kWh,309.69
United States of America,Oregon,2025,CO2 intensity,gCO2/kWh,184.02
United States of America,Pennsylvania,2025,CO2 intensity,gCO2/kWh,352.61
United States of America,Puerto Rico,2025,CO2 intensity,gCO2/kWh,612.04
United States of America,Rhode Island,2025,CO2 intensity,gCO2/kWh,429.84
United States of America,South Carolina,2025,CO2 intensity,gCO2/kWh,259.37
United States of America,South Dakota,2025,CO2 intensity,gCO2/kWh,134.92
United States of America,Tennessee,2025,CO2 intensity,gCO2/kWh,323.65
United States of America,Texas,2025,CO2 intensity,gCO2/kWh,342.52
United States of America,US Total,2025,CO2 intensity,gCO2/kWh,345.71
United States of America,Utah,2025,CO2 intensity,gCO2/kWh,542.89
United States of America,Vermont,2025,CO2 intensity,gCO2/kWh,61.96
United States of America,Virginia,2025,CO2 intensity,gCO2/kWh,327.17
United States of America,Washington,2025,CO2 intensity,gCO2/kWh,124.36
United States of America,"Washington, D.C.",2025,CO2 intensity,gCO2/kWh,131.45
United States of America,West Virginia,2025,CO2 intensity,gCO2/kWh,745.3
United States of America,Wisconsin,2025,CO2 intensity,gCO2/kWh,469.23
United States of America,Wyoming,2025,CO2 intensity,gCO2/kWh,539.33
