Area,Year,Continent,Variable,Unit,Value
ASEAN,2024,,CO2 intensity,gCO2/kWh,571.72
Afghanistan,2024,Asia,CO2 intensity,gCO2/kWh,131.31
Africa,2024,,CO2 intensity,gCO2/kWh,543.62
Albania,2024,Europe,CO2 intensity,gCO2/kWh,25.18
Algeria,2024,Africa,CO2 intensity,gCO2/kWh,632.94
American Samoa,2024,Oceania,CO2 intensity,gCO2/kWh,611.11
Angola,2024,Africa,CO2 intensity,gCO2/kWh,185.38
Antigua and Barbuda,2024,North America,CO2 intensity,gCO2/kWh,594.6
Argentina,2024,South America,CO2 intensity,gCO2/kWh,344.83
Armenia,2024,Asia,CO2 intensity,gCO2/kWh,240.31
Aruba,2024,South America,CO2 intensity,gCO2/kWh,550.0
Asia,2024,,CO2 intensity,gCO2/kWh,569.52
Australia,2024,Oceania,CO2 intensity,gCO2/kWh,553.83
Austria,2025,Europe,CO2 intensity,gCO2/kWh,116.91
Azerbaijan,2024,Asia,CO2 intensity,gCO2/kWh,634.34
Bahamas (the),2024,North America,CO2 intensity,gCO2/kWh,653.33
Bahrain,2024,Asia,CO2 intensity,gCO2/kWh,902.24
Bangladesh,2024,Asia,CO2 intensity,gCO2/kWh,695.7
Barbados,2024,North America,CO2 intensity,gCO2/kWh,594.6
Belarus,2025,Europe,CO2 intensity,gCO2/kWh,309.25
Belgium,2025,Europe,CO2 intensity,gCO2/kWh,149.82
Belize,2024,North America,CO2 intensity,gCO2/kWh,170.21
Benin,2024,Africa,CO2 intensity,gCO2/kWh,584.16
Bermuda,2024,North America,CO2 intensity,gCO2/kWh,639.34
Bhutan,2024,Asia,CO2 intensity,gCO2/kWh,23.64
Bolivia,2024,South America,CO2 intensity,gCO2/kWh,495.2
Bosnia Herzegovina,2025,Europe,CO2 intensity,gCO2/kWh,570.64
Botswana,2024,Africa,CO2 intensity,gCO2/kWh,851.31
Brazil,2024,South America,CO2 intensity,gCO2/kWh,106.06
Brunei Darussalam,2024,Asia,CO2 intensity,gCO2/kWh,892.09
Bulgaria,2025,Europe,CO2 intensity,gCO2/kWh,275.55
Burkina Faso,2024,Africa,CO2 intensity,gCO2/kWh,562.13
Burundi,2024,Africa,CO2 intensity,gCO2/kWh,183.67
Cabo Verde,2024,Africa,CO2 intensity,gCO2/kWh,461.54
Cambodia,2024,Asia,CO2 intensity,gCO2/kWh,538.76
Cameroon,2024,Africa,CO2 intensity,gCO2/kWh,225.9
Canada,2024,North America,CO2 intensity,gCO2/kWh,185.35
Cayman Islands (the),2024,North America,CO2 intensity,gCO2/kWh,633.8
Central African Republic (the),2023,Africa,CO2 intensity,gCO2/kWh,0.0
Chad,2024,Africa,CO2 intensity,gCO2/kWh,621.62
Chile,2024,South America,CO2 intensity,gCO2/kWh,259.87
China,2024,Asia,CO2 intensity,gCO2/kWh,555.4
Colombia,2024,South America,CO2 intensity,gCO2/kWh,298.3
Comoros (the),2023,Africa,CO2 intensity,gCO2/kWh,642.86
Congo (the Democratic Republic of the),2024,Africa,CO2 intensity,gCO2/kWh,27.64
Congo (the),2024,Africa,CO2 intensity,gCO2/kWh,716.12
Cook Islands (the),2024,Oceania,CO2 intensity,gCO2/kWh,250.0
Costa Rica,2024,North America,CO2 intensity,gCO2/kWh,25.46
Cote d'Ivoire,2024,Africa,CO2 intensity,gCO2/kWh,405.01
Croatia,2025,Europe,CO2 intensity,gCO2/kWh,158.5
Cuba,2024,North America,CO2 intensity,gCO2/kWh,642.82
Cyprus,2025,Europe,CO2 intensity,gCO2/kWh,489.0
Czechia,2025,Europe,CO2 intensity,gCO2/kWh,401.46
Denmark,2025,Europe,CO2 intensity,gCO2/kWh,114.41
Djibouti,2024,Africa,CO2 intensity,gCO2/kWh,450.0
Dominica,2023,North America,CO2 intensity,gCO2/kWh,600.0
Dominican Republic (the),2024,North America,CO2 intensity,gCO2/kWh,567.62
EU,2025,,CO2 intensity,gCO2/kWh,209.91
Ecuador,2024,South America,CO2 intensity,gCO2/kWh,203.61
Egypt,2024,Africa,CO2 intensity,gCO2/kWh,574.5
El Salvador,2024,North America,CO2 intensity,gCO2/kWh,113.32
Equatorial Guinea,2024,Africa,CO2 intensity,gCO2/kWh,644.3
Eritrea,2024,Africa,CO2 intensity,gCO2/kWh,577.78
Estonia,2025,Europe,CO2 intensity,gCO2/kWh,319.15
Eswatini,2024,Africa,CO2 intensity,gCO2/kWh,131.15
Ethiopia,2024,Africa,CO2 intensity,gCO2/kWh,23.41
Europe,2025,,CO2 intensity,gCO2/kWh,282.67
Falkland Islands (the) [Malvinas],2023,South America,CO2 intensity,gCO2/kWh,1000.0
Faroe Islands (the),2023,Europe,CO2 intensity,gCO2/kWh,346.94
Fiji,2024,Oceania,CO2 intensity,gCO2/kWh,278.26
Finland,2025,Europe,CO2 intensity,gCO2/kWh,57.49
France,2025,Europe,CO2 intensity,gCO2/kWh,41.44
French Guiana,2023,South America,CO2 intensity,gCO2/kWh,244.9
French Polynesia,2024,Oceania,CO2 intensity,gCO2/kWh,430.56
G20,2024,,CO2 intensity,gCO2/kWh,466.91
G7,2024,,CO2 intensity,gCO2/kWh,342.44
Gabon,2024,Africa,CO2 intensity,gCO2/kWh,523.08
Gambia (the),2024,Africa,CO2 intensity,gCO2/kWh,666.67
Georgia,2024,Asia,CO2 intensity,gCO2/kWh,145.01
Germany,2025,Europe,CO2 intensity,gCO2/kWh,329.65
Ghana,2024,Africa,CO2 intensity,gCO2/kWh,468.89
Gibraltar,2024,Europe,CO2 intensity,gCO2/kWh,590.91
Greece,2025,Europe,CO2 intensity,gCO2/kWh,315.09
Greenland,2024,North America,CO2 intensity,gCO2/kWh,150.0
Grenada,2024,North America,CO2 intensity,gCO2/kWh,666.67
Guadeloupe,2023,North America,CO2 intensity,gCO2/kWh,497.01
Guam,2024,Oceania,CO2 intensity,gCO2/kWh,607.53
Guatemala,2024,North America,CO2 intensity,gCO2/kWh,301.46
Guinea,2024,Africa,CO2 intensity,gCO2/kWh,181.14
Guinea-Bissau,2024,Africa,CO2 intensity,gCO2/kWh,625.0
Guyana,2024,South America,CO2 intensity,gCO2/kWh,644.93
Haiti,2024,North America,CO2 intensity,gCO2/kWh,534.88
Honduras,2024,North America,CO2 intensity,gCO2/kWh,322.12
Hong Kong,2024,Asia,CO2 intensity,gCO2/kWh,675.48
Hungary,2025,Europe,CO2 intensity,gCO2/kWh,163.02
Iceland,2024,Europe,CO2 intensity,gCO2/kWh,27.82
India,2024,Asia,CO2 intensity,gCO2/kWh,705.4
Indonesia,2024,Asia,CO2 intensity,gCO2/kWh,680.25
Iran (Islamic Republic of),2024,Asia,CO2 intensity,gCO2/kWh,648.68
Iraq,2024,Asia,CO2 intensity,gCO2/kWh,683.1
Ireland,2025,Europe,CO2 intensity,gCO2/kWh,256.54
Israel,2018,Asia,CO2 intensity,gCO2/kWh,643.58
Italy,2025,Europe,CO2 intensity,gCO2/kWh,284.78
Jamaica,2024,North America,CO2 intensity,gCO2/kWh,563.01
Japan,2024,Asia,CO2 intensity,gCO2/kWh,483.43
Jordan,2024,Asia,CO2 intensity,gCO2/kWh,529.79
Kazakhstan,2024,Asia,CO2 intensity,gCO2/kWh,802.04
Kenya,2024,Africa,CO2 intensity,gCO2/kWh,85.22
Kiribati,2024,Oceania,CO2 intensity,gCO2/kWh,500.0
Korea (the Democratic People's Republic of),2024,Asia,CO2 intensity,gCO2/kWh,340.59
Kosovo,2025,Europe,CO2 intensity,gCO2/kWh,900.94
Kuwait,2024,Asia,CO2 intensity,gCO2/kWh,635.2
Kyrgyzstan,2024,Asia,CO2 intensity,gCO2/kWh,119.21
Lao People's Democratic Republic (the),2024,Asia,CO2 intensity,gCO2/kWh,232.08
Latin America and Caribbean,2024,,CO2 intensity,gCO2/kWh,252.38
Latvia,2025,Europe,CO2 intensity,gCO2/kWh,138.76
Lebanon,2024,Asia,CO2 intensity,gCO2/kWh,389.51
Lesotho,2024,Africa,CO2 intensity,gCO2/kWh,
Liberia,2024,Africa,CO2 intensity,gCO2/kWh,315.79
Libya,2024,Africa,CO2 intensity,gCO2/kWh,826.83
Lithuania,2025,Europe,CO2 intensity,gCO2/kWh,138.36
Luxembourg,2025,Europe,CO2 intensity,gCO2/kWh,123.38
Macao,2024,Asia,CO2 intensity,gCO2/kWh,474.36
Madagascar,2024,Africa,CO2 intensity,gCO2/kWh,432.1
Malawi,2024,Africa,CO2 intensity,gCO2/kWh,54.65
Malaysia,2024,Asia,CO2 intensity,gCO2/kWh,600.44
Maldives,2024,Asia,CO2 intensity,gCO2/kWh,611.77
Mali,2024,Africa,CO2 intensity,gCO2/kWh,538.59
Malta,2025,Europe,CO2 intensity,gCO2/kWh,484.02
Martinique,2023,North America,CO2 intensity,gCO2/kWh,529.8
Mauritania,2024,Africa,CO2 intensity,gCO2/kWh,512.08
Mauritius,2024,Africa,CO2 intensity,gCO2/kWh,642.23
Mexico,2024,North America,CO2 intensity,gCO2/kWh,483.14
Middle East,2024,,CO2 intensity,gCO2/kWh,635.9
Moldova,2025,Europe,CO2 intensity,gCO2/kWh,633.12
Mongolia,2024,Asia,CO2 intensity,gCO2/kWh,810.66
Montenegro,2025,Europe,CO2 intensity,gCO2/kWh,263.16
Montserrat,2024,North America,CO2 intensity,gCO2/kWh,1000.0
Morocco,2024,Africa,CO2 intensity,gCO2/kWh,594.81
Mozambique,2024,Africa,CO2 intensity,gCO2/kWh,129.36
Myanmar,2024,Asia,CO2 intensity,gCO2/kWh,502.99
Namibia,2024,Africa,CO2 intensity,gCO2/kWh,48.78
Nauru,2024,Oceania,CO2 intensity,gCO2/kWh,600.0
Nepal,2024,Asia,CO2 intensity,gCO2/kWh,24.26
Netherlands,2025,Europe,CO2 intensity,gCO2/kWh,253.56
New Caledonia,2024,Oceania,CO2 intensity,gCO2/kWh,560.9
New Zealand,2024,Oceania,CO2 intensity,gCO2/kWh,112.02
Nicaragua,2024,North America,CO2 intensity,gCO2/kWh,300.89
Niger (the),2024,Africa,CO2 intensity,gCO2/kWh,673.68
Nigeria,2024,Africa,CO2 intensity,gCO2/kWh,495.74
Niue,2023,Oceania,CO2 intensity,gCO2/kWh,
North America,2024,,CO2 intensity,gCO2/kWh,358.62
North Macedonia,2025,Europe,CO2 intensity,gCO2/kWh,441.35
Norway,2025,Europe,CO2 intensity,gCO2/kWh,28.11
OECD,2024,,CO2 intensity,gCO2/kWh,337.42
Oceania,2024,,CO2 intensity,gCO2/kWh,494.85
Oman,2024,Asia,CO2 intensity,gCO2/kWh,542.77
Pakistan,2024,Asia,CO2 intensity,gCO2/kWh,373.69
"Palestine, State of",2024,Asia,CO2 intensity,gCO2/kWh,414.14
Panama,2024,North America,CO2 intensity,gCO2/kWh,221.15
Papua New Guinea,2024,Oceania,CO2 intensity,gCO2/kWh,513.74
Paraguay,2024,South America,CO2 intensity,gCO2/kWh,24.76
Peru,2024,South America,CO2 intensity,gCO2/kWh,258.73
Philippines (the),2024,Asia,CO2 intensity,gCO2/kWh,621.73
Poland,2025,Europe,CO2 intensity,gCO2/kWh,588.6
Portugal,2025,Europe,CO2 intensity,gCO2/kWh,127.91
Puerto Rico,2024,North America,CO2 intensity,gCO2/kWh,656.0
Qatar,2024,Asia,CO2 intensity,gCO2/kWh,581.69
Reunion,2023,Africa,CO2 intensity,gCO2/kWh,394.14
Romania,2025,Europe,CO2 intensity,gCO2/kWh,250.75
Russian Federation (the),2025,Europe,CO2 intensity,gCO2/kWh,449.73
Rwanda,2024,Africa,CO2 intensity,gCO2/kWh,353.98
"Saint Helena, Ascension and Tristan da Cunha",2023,Africa,CO2 intensity,gCO2/kWh,1000.0
Saint Kitts and Nevis,2024,North America,CO2 intensity,gCO2/kWh,608.7
Saint Lucia,2024,North America,CO2 intensity,gCO2/kWh,650.0
Saint Pierre and Miquelon,2023,North America,CO2 intensity,gCO2/kWh,600.0
Saint Vincent and the Grenadines,2024,North America,CO2 intensity,gCO2/kWh,600.0
Samoa,2024,Oceania,CO2 intensity,gCO2/kWh,375.0
Sao Tome and Principe,2023,Africa,CO2 intensity,gCO2/kWh,555.56
Saudi Arabia,2024,Asia,CO2 intensity,gCO2/kWh,691.95
Senegal,2024,Africa,CO2 intensity,gCO2/kWh,539.97
Serbia,2025,Europe,CO2 intensity,gCO2/kWh,695.8
Seychelles,2024,Africa,CO2 intensity,gCO2/kWh,555.56
Sierra Leone,2024,Africa,CO2 intensity,gCO2/kWh,47.62
Singapore,2024,Asia,CO2 intensity,gCO2/kWh,498.74
Slovakia,2025,Europe,CO2 intensity,gCO2/kWh,94.85
Slovenia,2025,Europe,CO2 intensity,gCO2/kWh,183.29
Solomon Islands,2024,Oceania,CO2 intensity,gCO2/kWh,636.36
Somalia,2024,Africa,CO2 intensity,gCO2/kWh,511.63
South Africa,2024,Africa,CO2 intensity,gCO2/kWh,717.36
South Korea,2024,Asia,CO2 intensity,gCO2/kWh,415.51
South Sudan,2024,Africa,CO2 intensity,gCO2/kWh,642.86
Spain,2025,Europe,CO2 intensity,gCO2/kWh,153.6
Sri Lanka,2024,Asia,CO2 intensity,gCO2/kWh,378.44
Sudan (the),2024,Africa,CO2 intensity,gCO2/kWh,153.69
Suriname,2024,South America,CO2 intensity,gCO2/kWh,321.84
Sweden,2025,Europe,CO2 intensity,gCO2/kWh,35.26
Switzerland,2025,Europe,CO2 intensity,gCO2/kWh,39.22
Syrian Arab Republic (the),2024,Asia,CO2 intensity,gCO2/kWh,706.19
Taiwan,2024,Asia,CO2 intensity,gCO2/kWh,635.19
Tajikistan,2024,Asia,CO2 intensity,gCO2/kWh,71.17
"Tanzania, the United Republic of",2024,Africa,CO2 intensity,gCO2/kWh,345.02
Thailand,2024,Asia,CO2 intensity,gCO2/kWh,554.73
Timor-Leste,2024,Asia,CO2 intensity,gCO2/kWh,666.67
Togo,2024,Africa,CO2 intensity,gCO2/kWh,422.54
Tonga,2024,Oceania,CO2 intensity,gCO2/kWh,571.43
Trinidad and Tobago,2024,North America,CO2 intensity,gCO2/kWh,681.68
Tunisia,2024,Africa,CO2 intensity,gCO2/kWh,558.26
Turkey,2025,Asia,CO2 intensity,gCO2/kWh,474.74
Turkmenistan,2024,Asia,CO2 intensity,gCO2/kWh,1306.27
Turks and Caicos Islands (the),2024,North America,CO2 intensity,gCO2/kWh,629.63
Uganda,2024,Africa,CO2 intensity,gCO2/kWh,58.52
Ukraine,2025,Europe,CO2 intensity,gCO2/kWh,197.35
United Arab Emirates,2024,Asia,CO2 intensity,gCO2/kWh,467.51
United Kingdom,2025,Europe,CO2 intensity,gCO2/kWh,217.09
United States of America,2024,North America,CO2 intensity,gCO2/kWh,383.78
Uruguay,2024,South America,CO2 intensity,gCO2/kWh,69.56
Uzbekistan,2024,Asia,CO2 intensity,gCO2/kWh,1040.12
Vanuatu,2023,Oceania,CO2 intensity,gCO2/kWh,500.0
Venezuela (Bolivarian Republic of),2024,South America,CO2 intensity,gCO2/kWh,85.86
Viet Nam,2024,Asia,CO2 intensity,gCO2/kWh,484.32
Virgin Islands (British),2023,North America,CO2 intensity,gCO2/kWh,647.06
Virgin Islands (U.S.),2023,North America,CO2 intensity,gCO2/kWh,632.35
Western Sahara,2009,Africa,CO2 intensity,gCO2/kWh,666.67
World,2024,,CO2 intensity,gCO2/kWh,471.08
Yemen,2024,Asia,CO2 intensity,gCO2/kWh,592.38
Zambia,2024,Africa,CO2 intensity,gCO2/kWh,119.68
Zimbabwe,2024,Africa,CO2 intensity,gCO2/kWh,384.02
