WordPressId,OldPath,Folder,StoragePath,Title,AltText,Width,Height
18,2021/01/1.4.1-1.jpg,other,other/1-4-1-1.jpg,1.4.1,,243,256
20,2021/01/1.3.1-1.jpg,other,other/1-3-1-1.jpg,1.3.1,,247,252
22,2021/01/1.4.9-1.jpg,other,other/1-4-9-1.jpg,1.4.9,,241,266
24,2021/01/1.2.4-1.jpg,other,other/1-2-4-1.jpg,1.2.4,,239,248
45,2021/01/Building-Facades-1.png,other,other/building-facades-1.png,Building Facades,,358,375
46,2021/01/Clerestories-and-Skylights-1.png,other,other/clerestories-and-skylights-1.png,Clerestories and Skylights,,358,375
47,2021/01/Cool-Roof-1.png,other,other/cool-roof-1.png,Cool Roof,,358,375
48,2021/01/Cross-Ventilation-1.png,other,other/cross-ventilation-1.png,Cross Ventilation,,358,375
51,2021/03/Daylighting-from-Mulitple-Sides-1.png,other,other/daylighting-from-mulitple-sides-1.png,Daylighting from Mulitple Sides,,358,375
53,2021/03/Direct-Gain_Glazing-1.png,other,other/direct-gain-glazing-1.png,Direct Gain: Glazing,,358,375
56,2021/03/Double-Roof-1.png,other,other/double-roof-1.png,Double Roof,,358,375
58,2021/03/Earth-Sheltering-1.png,other,other/earth-sheltering-1.png,Earth Sheltering,,358,375
60,2021/03/East-West-Shading-1.png,other,other/east-west-shading-1.png,East West Shading,,358,375
62,2021/03/Form-for-Cooling-1.png,other,other/form-for-cooling-1.png,Form for Cooling,,358,375
63,2021/03/Evaporative-Cooling-Towers-1.png,other,other/evaporative-cooling-towers-1.png,Evaporative Cooling Towers,,358,375
66,2021/03/Form-for-Daylighting-1.png,other,other/form-for-daylighting-1.png,Form for Daylighting,,358,375
68,2021/03/Form-for-Heating-1.png,other,other/form-for-heating-1.png,Form for Heating,,358,375
70,2021/03/Green-Roof-1.png,other,other/green-roof-1.png,Green Roof,,358,375
72,2021/03/Indirect-Gain_Sunspace-1.png,other,other/indirect-gain-sunspace-1.png,Indirect Gain: Sunspace,,358,375
74,2021/03/Intermediate-Light-Shelves-1.png,other,other/intermediate-light-shelves-1.png,Intermediate Light Shelves,,358,375
76,2021/03/Night-Vent-Cooling-1.png,other,other/night-vent-cooling-1.png,Night Vent Cooling,,358,375
79,2021/03/Shading-Devices-1.png,other,other/shading-devices-1.png,Shading Devices,,358,375
81,2021/03/Side-Daylighting-1.png,other,other/side-daylighting-1.png,Side Daylighting,,358,375
83,2021/03/Side-Daylighting-Controls-1.png,other,other/side-daylighting-controls-1.png,Side Daylighting Controls,,358,375
85,2021/03/Solar-Greenhouse-1.png,other,other/solar-greenhouse-1.png,Solar Greenhouse,,358,375
87,2021/03/Solar-Shading-1.png,other,other/solar-shading-1.png,Solar Shading,,358,375
90,2021/03/Stack-Ventilation-1.png,other,other/stack-ventilation-1.png,Stack Ventilation,,358,375
92,2021/03/Thermal-Storage-Wall-1.png,other,other/thermal-storage-wall-1.png,Thermal Storage Wall,,357,375
94,2021/03/Top-Daylighting-1.png,other,other/top-daylighting-1.png,Top Daylighting,,358,375
96,2021/03/Top-Daylighting-Controls-1.png,other,other/top-daylighting-controls-1.png,Top Daylighting Controls,,358,375
102,2021/01/M50_150023_00_TorreEuro41_highres-scaled-1.jpg,projects,projects/m50-150023-00-torreeuro41-highres-scaled-1.jpg,Torre Europa,,1529,2048
103,2021/01/M00_040071_00_N100_highres-scaled-1.jpg,projects,projects/m00-040071-00-n100-highres-scaled-1.jpg,"Gateway, The",,2048,1781
105,2021/01/M50_080021_00_N14_highres-1.jpg,other,other/m50-080021-00-n14-highres-1.jpg,Barwa City - Hadaeq Qatar,,2048,1537
106,2021/01/M00_000122_00_N344_highres-scaled-1.jpg,projects,projects/m00-000122-00-n344-highres-scaled-1.jpg,U.S. Capitol Visitor Center,,2560,1703
107,2021/01/M40_960016_00_Chadst44_N2_highres-scaled-1.jpg,projects,projects/m40-960016-00-chadst44-n2-highres-scaled-1.jpg,Chadstone Shopping Centre,,2048,1366
108,2021/01/M00_000086_00_N123_highres-scaled-1.jpg,projects,projects/m00-000086-00-n123-highres-scaled-1.jpg,San Antonio Military Medical Center (SAMMC),,2560,1707
109,2021/01/GDL-Int-Airport-T2_06-scaled-1.jpg,projects,projects/gdl-int-airport-t2-06-scaled-1.jpg,GDL Int Airport T2,,2560,1440
110,2021/01/M02_120066_03_AlaMoaRen56_highres-scaled-1.jpg,projects,projects/m02-120066-03-alamoaren56-highres-scaled-1.jpg,Ala Moana Center,,1366,2048
111,2021/01/FactorH1-scaled-1.jpg,projects,projects/factorh1-scaled-1.jpg,FactorH1,,2560,1828
112,2021/03/KAU_CGI03_Foyer-scaled-1.jpg,projects,projects/kau-cgi03-foyer-scaled-1.jpg,KAU_CGI03_Foyer,,2560,1440
113,2021/03/M00_000086_00_N106_highres-scaled-1.jpg,projects,projects/m00-000086-00-n106-highres-scaled-1.jpg,San Antonio Military Medical Center (SAMMC),,1712,2560
116,2021/03/Pages-from-20160508-Showroom-package-scaled-1.jpg,other,other/pages-from-20160508-showroom-package-scaled-1.jpg,Pages from 20160508 Showroom package,,2560,1810
117,2021/03/CC-33758_BOARD_06-scaled-1.jpg,other,other/cc-33758-board-06-scaled-1.jpg,CC-33758_BOARD_06,,2560,733
118,2021/03/WIP_Kenniskwartier-diagram-01-1.jpg,other,other/wip-kenniskwartier-diagram-01-1.jpg,WIP_Kenniskwartier-diagram-01,,2048,1646
119,2021/03/WIP_Nature-Therapy-01-scaled-1.jpg,projects,projects/wip-nature-therapy-01-scaled-1.jpg,WIP_Nature Therapy-01,,2560,1411
120,2021/03/KAU_CGI01_Lake-View-scaled-1.jpg,projects,projects/kau-cgi01-lake-view-scaled-1.jpg,KAU_CGI01_Lake View,,2560,1441
121,2021/03/M30_140006_00_VassarBMC12_highres-scaled-1.jpg,projects,projects/m30-140006-00-vassarbmc12-highres-scaled-1.jpg,"Vassar Brothers Medical Center (Poughkeepsie, NY)",,2560,1707
122,2021/03/M50_110018_00_Posnania60_highres-scaled-1.jpg,projects,projects/m50-110018-00-posnania60-highres-scaled-1.jpg,© Piotr Krajewski http://pkrajewski.pl,,2560,1707
123,2021/03/WIP_Droneport-01-scaled-1.jpg,other,other/wip-droneport-01-scaled-1.jpg,WIP_Droneport-01,,2560,1642
124,2021/03/WIP-Ginevra-01-scaled-1.jpg,projects,projects/wip-ginevra-01-scaled-1.jpg,WIP-Ginevra-01,,2048,1320
125,2021/03/callison_gdl-airport_cam-06-int-scaled-1.jpg,projects,projects/callison-gdl-airport-cam-06-int-scaled-1.jpg,callison_gdl airport_cam 06 int,,2048,1607
126,2021/03/M02_120066_02_AlaMoaEW13_highres-scaled-1.jpg,projects,projects/m02-120066-02-alamoaew13-highres-scaled-1.jpg,Ala Moana Center,,2048,1967
127,2021/03/M40_080056_00_4seaLA01_highres-scaled-1.jpg,projects,projects/m40-080056-00-4seala01-highres-scaled-1.jpg,Four Season Los Angeles,,2560,1830
128,2021/03/CSUSB-Palm-Desert-Campus-Master-Plan-scaled-1.jpg,projects,projects/csusb-palm-desert-campus-master-plan-scaled-1.jpg,CSUSB Palm Desert Campus Master Plan,,2560,1425
129,2021/03/Concept-Sketch-scaled-1.jpg,other,other/concept-sketch-scaled-1.jpg,Concept Sketch,,2560,703
130,2021/03/Grand-Hyatt-Kuwait_01-red-scaled-1.jpg,other,other/grand-hyatt-kuwait-01-red-scaled-1.jpg,Grand Hyatt Kuwait_01-red,,2560,1440
131,2021/03/airport-sunpath-1.jpg,other,other/airport-sunpath-1.jpg,airport-sunpath,,1009,996
132,2021/03/M02_120066_02_AMC-ppl-04_N2_highres-scaled-1.jpg,projects,projects/m02-120066-02-amc-ppl-04-n2-highres-scaled-1.jpg,Ala Moana Center,,2048,858
133,2021/03/callison_gdl-airport_cam-11-int-scaled-1.jpg,projects,projects/callison-gdl-airport-cam-11-int-scaled-1.jpg,callison_gdl airport_cam 11 int,,2048,1606
134,2021/03/M02_120066_03_AlaMoaRen50_highres-scaled-1.jpg,projects,projects/m02-120066-03-alamoaren50-highres-scaled-1.jpg,Ala Moana Center,,1768,2048
135,2021/03/M50_140023_00_MercedesPlatz18_highres-scaled-1.jpg,other,other/m50-140023-00-mercedesplatz18-highres-scaled-1.jpg,Mercedes Platz,,2560,1707
136,2021/03/Harbin_Diagram_Envelope_Triple-Pane-scaled-1.jpg,other,other/harbin-diagram-envelope-triple-pane-scaled-1.jpg,Harbin_Envelope_Triple-Pane_2,,2560,1895
137,2021/03/Pages-from-20160508-Showroom-package_Page_2-01-scaled-1.jpg,projects,projects/pages-from-20160508-showroom-package-page-2-01-scaled-1.jpg,Pages from 20160508 Showroom package_Page_2-01,,2048,1237
138,2021/03/KAU_CGI02_Entry-Plaza-scaled-1.jpg,other,other/kau-cgi02-entry-plaza-scaled-1.jpg,KAU_CGI02_Entry Plaza,,2560,1440
140,2021/03/Embankment-West-scaled-1.jpg,other,other/embankment-west-scaled-1.jpg,Embankment West,,2560,1438
141,2021/03/M40_120048_00_GrandHyattXian077_highres-scaled-1.jpg,projects,projects/m40-120048-00-grandhyattxian077-highres-scaled-1.jpg,Grand Hyatt Xi'an,,2048,1366
142,2021/03/M40_120048_00_GrandHyattXian034_highres-scaled-1.jpg,projects,projects/m40-120048-00-grandhyattxian034-highres-scaled-1.jpg,Grand Hyatt Xi'an,,2048,1366
143,2021/03/callison_gdl-airport_cam-10-int-scaled-1.jpg,other,other/callison-gdl-airport-cam-10-int-scaled-1.jpg,callison_gdl airport_cam 10 int,,2048,1606
144,2021/03/M40_090059_00_N7_highres-scaled-1.jpg,projects,projects/m40-090059-00-n7-highres-scaled-1.jpg,M40_090059_00_N7_highres,,2048,1607
145,2021/03/M40_160001_00_ProvBreeze09_highres-scaled-1.jpg,projects,projects/m40-160001-00-provbreeze09-highres-scaled-1.jpg,Providence Breeze Advanced Ambulatory Care Center,,2560,2082
146,2021/03/M00_060001_00_N279_highres-scaled-1.jpg,projects,projects/m00-060001-00-n279-highres-scaled-1.jpg,"NGA - National Geospatial-Intelligence Agency, New Campus East",,1366,2048
147,2021/03/M03_150749_00_ZaraAM05_highres-scaled-1.jpg,projects,projects/m03-150749-00-zaraam05-highres-scaled-1.jpg,M03_150749_00_ZaraAM05_highres,,1955,2560
148,2021/03/Grand-Hyatt-Kuwait_02-red-scaled-1.jpg,other,other/grand-hyatt-kuwait-02-red-scaled-1.jpg,Grand Hyatt Kuwait_02-red,,2048,2048
149,2021/03/CR_MallofSaudi02_CGI06_FoodPrecinctRoof_04-scaled-1.jpg,projects,projects/cr-mallofsaudi02-cgi06-foodprecinctroof-04-scaled-1.jpg,CR_MallofSaudi02_CGI06_FoodPrecinctRoof_04,,2048,1448
150,2021/03/AKW-0-exterior-view-1-1.jpg,other,other/akw-0-exterior-view-1-1.jpg,AKW - 0 exterior view 1,,1920,1080
151,2021/03/M00_000086_00_N106_highres-1-scaled-1.jpg,projects,projects/m00-000086-00-n106-highres-1-scaled-1.jpg,San Antonio Military Medical Center (SAMMC),,1712,2560
152,2021/03/GDL-Airport_C07-scaled-1.jpg,projects,projects/gdl-airport-c07-scaled-1.jpg,GDL Airport_C07,,2560,1280
153,2021/03/M00_000086_00_N131_highres-scaled-1.jpg,projects,projects/m00-000086-00-n131-highres-scaled-1.jpg,San Antonio Military Medical Center (SAMMC),,2560,1700
154,2021/03/C3-scaled-1.jpg,projects,projects/c3-scaled-1.jpg,C3,,2560,1674
155,2021/03/milwaukee-diagram_022416-scaled-1.jpg,projects,projects/milwaukee-diagram-022416-scaled-1.jpg,milwaukee diagram_022416,,2560,899
156,2021/03/Cloud-Craft-greenhouse-01-scaled-1.jpg,projects,projects/cloud-craft-greenhouse-01-scaled-1.jpg,Cloud Craft-greenhouse-01,,2560,2348
157,2021/03/Halo-AIA-Chicago-rendering-scaled-1.jpg,projects,projects/halo-aia-chicago-rendering-scaled-1.jpg,Halo - AIA Chicago-rendering,,2560,1369
158,2021/03/M50_080021_00_highres-scaled-1.jpg,projects,projects/m50-080021-00-highres-scaled-1.jpg,Barwa City - Hadaeq Qatar,,2048,1536
159,2021/03/APPLICATION2_chandi_day-1.jpg,projects,projects/application2-chandi-day-1.jpg,APPLICATION2_chandi_day,,1024,713
160,2021/03/Longitudinal-Section-01-scaled-1.jpg,projects,projects/longitudinal-section-01-scaled-1.jpg,Longitudinal Section-01,,2560,1060
161,2021/03/Daylight-1-1.jpg,projects,projects/daylight-1-1.jpg,Daylight 1,,2019,2048
162,2021/03/M00_000086_00_N104_highres-scaled-1.jpg,projects,projects/m00-000086-00-n104-highres-scaled-1.jpg,San Antonio Military Medical Center (SAMMC),,2560,1698
163,2021/03/M10_130085_00_BallstonQuart84_edited-scaled-1.jpg,other,other/m10-130085-00-ballstonquart84-edited-scaled-1.jpg,M10_130085_00_BallstonQuart84_edited,,1772,2560
164,2021/03/callison_gdl-airport_cam-07-int-scaled-1.jpg,projects,projects/callison-gdl-airport-cam-07-int-scaled-1.jpg,callison_gdl airport_cam 07 int,,2048,1606
165,2021/03/M40_960016_00_Chadst44_N2_highres-scaled-1.jpg,projects,projects/m40-960016-00-chadst44-n2-highres-scaled-1.jpg,Chadstone Shopping Centre,,2048,1366
166,2021/03/callison_gdl-airport_cam-09-int-scaled-1.jpg,other,other/callison-gdl-airport-cam-09-int-scaled-1.jpg,callison_gdl airport_cam 09 int,,2048,1606
167,2021/03/CR_MallofSaudi02_CGI15_FoodLoft_02-scaled-1.jpg,other,other/cr-mallofsaudi02-cgi15-foodloft-02-scaled-1.jpg,CR_MallofSaudi02_CGI15_FoodLoft_02,,2048,1448
168,2021/03/M70_040002_00_N7_highres-scaled-1.jpg,projects,projects/m70-040002-00-n7-highres-scaled-1.jpg,M70_040002_00_N7_highres,,2560,1712
169,2021/03/M40_070057_00_JoyCity19_highres-scaled-1.jpg,projects,projects/m40-070057-00-joycity19-highres-scaled-1.jpg,M40_070057_00_JoyCity19_highres,,1366,2048
178,2021/03/Pages-from-The-Collector_DOUBLE-ROOF-1.jpg,projects,projects/pages-from-the-collector-double-roof-1.jpg,Pages from The Collector_DOUBLE ROOF,,2048,1536
179,2021/03/top-daylighting@2x-1.png,strategies,strategies/top-daylighting-2x-1.png,Top Daylighting,,515,539
180,2021/03/top-daylighting-controls@2x-1.png,strategies,strategies/top-daylighting-controls-2x-1.png,Top Daylighting Controls,,515,539
181,2021/03/thermal-storage-wall@2x-1.png,strategies,strategies/thermal-storage-wall-2x-1.png,Thermal Storage Wall,,515,539
182,2021/03/stack-ventilation@2x-1.png,strategies,strategies/stack-ventilation-2x-1.png,Stack Ventilation,,515,539
183,2021/03/solar-shading@2x-1.png,strategies,strategies/solar-shading-2x-1.png,Solar Shading,,514,539
185,2021/03/solar-greenhouse@2x-1.png,strategies,strategies/solar-greenhouse-2x-1.png,Solar Greenhouse,,514,539
186,2021/03/side-daylighting@2x-1.png,strategies,strategies/side-daylighting-2x-1.png,Side Daylighting,,515,539
187,2021/03/side-daylighting-controls@2x-1.png,strategies,strategies/side-daylighting-controls-2x-1.png,Side Daylighting Controls,,515,540
188,2021/03/shading-devices@2x-1.png,strategies,strategies/shading-devices-2x-1.png,Shading Devices,,514,539
189,2021/03/night-vent-cooling@2x-1.png,strategies,strategies/night-vent-cooling-2x-1.png,Night Vent Cooling,,515,540
190,2021/03/intermediate-light-shelves@2x-1.png,strategies,strategies/intermediate-light-shelves-2x-1.png,Intermediate Light Shelves,,515,539
191,2021/03/indirect-gain_sunspace@2x-1.png,strategies,strategies/indirect-gain-sunspace-2x-1.png,Indirect Gain Sunspace,,515,539
192,2021/03/green-roof@2x-1.png,strategies,strategies/green-roof-2x-1.png,Green Roof,,514,539
193,2021/03/form-for-heating@2x-1.png,strategies,strategies/form-for-heating-2x-1.png,Form for Heating,,515,539
194,2021/03/form-for-daylighting@2x-1.png,strategies,strategies/form-for-daylighting-2x-1.png,Form for Daylighting,,515,540
195,2021/03/form-for-cooling-@2x-1.png,strategies,strategies/form-for-cooling-2x-1.png,Form for Cooling,,515,540
196,2021/03/evaporative-cooling-towers@2x-1.png,strategies,strategies/evaporative-cooling-towers-2x-1.png,Evaporative Cooling Towers,,515,540
197,2021/03/east-west-shading@2x-1.png,strategies,strategies/east-west-shading-2x-1.png,East-West Shading,,515,540
198,2021/03/earth-sheltering@2x-1.png,strategies,strategies/earth-sheltering-2x-1.png,Earth Sheltering,,513,538
200,2021/03/double-roof@2x-1.png,strategies,strategies/double-roof-2x-1.png,Double Roof,,515,540
201,2021/03/direct-gain_heat-storage@2x-1.png,strategies,strategies/direct-gain-heat-storage-2x-1.png,Direct Gain Heat Storage,,514,539
202,2021/03/direct-gain_Glazing@2x-1.png,strategies,strategies/direct-gain-glazing-2x-1.png,Direct Gain Glazing,,515,539
203,2021/03/daylighting-from-multiple-sides@2x-1.png,strategies,strategies/daylighting-from-multiple-sides-2x-1.png,Daylighting from Multiple Sides,,515,540
204,2021/01/cross-ventilation@2x-1.png,strategies,strategies/cross-ventilation-2x-1.png,Cross Ventilation,,515,539
205,2021/01/cool-roof@2x-1.png,strategies,strategies/cool-roof-2x-1.png,Cool Roof,,515,540
206,2021/01/clerestories-and-skylights@2x-1.png,strategies,strategies/clerestories-and-skylights-2x-1.png,Clerestories and Skylights,,515,540
207,2021/01/building-facades@2x-1.png,strategies,strategies/building-facades-2x-1.png,Building Facades,,514,539
254,2021/01/Grand-Hyatt-Kuwait_BuildingFacade.jpg,projects,projects/grand-hyatt-kuwait-buildingfacade.jpg,Grand Hyatt Kuwait,,2400,1798
255,2021/01/360-Tennis-Expansion_Skylight.jpg,projects,projects/360-tennis-expansion-skylight.jpg,360 Tennis Expansion,,2004,2048
256,2021/01/1210-N-State-Parkway_CoolRoof.jpg,projects,projects/1210-n-state-parkway-coolroof.jpg,1210 N State Parkway,,2048,1533
257,2021/01/C5-scaled-1.jpg,projects,projects/c5-scaled-1.jpg,C-5 Gatchalian BPO Offices,,2560,1688
258,2021/01/DPR-San-Diego_CrossVentilation.jpg,projects,projects/dpr-san-diego-crossventilation.jpg,DPR San Diego,,1536,2048
259,2021/03/Community-Hospital-North-Expansion_Daylight.jpg,projects,projects/community-hospital-north-expansion-daylight.jpg,Community Hopital North,,2048,1536
260,2021/03/Midea-VIP-Golf-Clubhouse-DirectGain.jpg,projects,projects/midea-vip-golf-clubhouse-directgain.jpg,Midea VIP & Golf Clubhouse,,2048,1451
261,2021/03/University-of-Alberta-Kaye-Edmonton-Clinic_DirectGain.jpg,projects,projects/university-of-alberta-kaye-edmonton-clinic-directgain.jpg,University of Alberta Edmonton Clinic South,,2048,1536
262,2021/03/Ayala-TriNoma_DoubleRoof.jpg,projects,projects/ayala-trinoma-doubleroof.jpg,Ayala – TriNoma,,2048,1323
263,2021/03/Prairie-View_DoubleRoof.jpg,projects,projects/prairie-view-doubleroof.jpg,Prairie View,,2048,1164
264,2021/03/Midea-VIP-Golf-Clubhouse-EasrthSheltering.jpg,projects,projects/midea-vip-golf-clubhouse-easrthsheltering.jpg,Midea VIP & Golf Clubhouse,,2048,1365
265,2021/03/Guadalajara-International-Airport-Terminal-2_FormForCooling.jpg,projects,projects/guadalajara-international-airport-terminal-2-formforcooling.jpg,Guadalajara International Airport-Terminal 2,,2048,1607
266,2021/03/JW-Marriott-Clearwater-Beach-FormForCooling.jpg,projects,projects/jw-marriott-clearwater-beach-formforcooling.jpg,JW Marriott Clearwater Beach,,2048,1365
267,2021/03/Lenovo-Campus-Global-Headquarters_FormForDaylightinh.jpg,projects,projects/lenovo-campus-global-headquarters-formfordaylightinh.jpg,Lenovo Phase II,,2048,1365
268,2021/03/Lenovo-Campus-Global-Headquarters_FormForHeating.jpg,projects,projects/lenovo-campus-global-headquarters-formforheating.jpg,Lenovo Campus Global Headquarters,,2048,1366
269,2021/03/1210-N-State-Parkway_GreenRoof.jpg,projects,projects/1210-n-state-parkway-greenroof.jpg,1210 N State Parkway,,2048,1463
270,2021/03/Midea-VIP-Golf-Clubhouse_GreenRoof.jpg,projects,projects/midea-vip-golf-clubhouse-greenroof.jpg,Midea VIP & Golf Clubhouse,,2048,1365
271,2021/03/SCLogic-Office-Fitout_SunSpace.jpg,projects,projects/sclogic-office-fitout-sunspace.jpg,SCLogic Office Fitout,,2048,1365
272,2021/03/San-Antonio-Military-Medical-Center_ShadingDevices.jpg,projects,projects/san-antonio-military-medical-center-shadingdevices.jpg,San Antonio Military Medical Center (SAMMC),,1355,2048
273,2021/03/Castellana66.jpg,projects,projects/castellana66.jpg,Castellana 66,,2048,1944
274,2021/03/Wuhan-China-Overseas-Center_SideDaylighting.jpg,projects,projects/wuhan-china-overseas-center-sidedaylighting.jpg,Wuhan China Overseas Center,,2048,1536
275,2021/03/Midea-VIP-and-Golf-Clubhouse-DaylightingControls.jpg,projects,projects/midea-vip-and-golf-clubhouse-daylightingcontrols.jpg,Midea VIP & Golf Clubhouse,,2048,1534
276,2021/03/Central-Park-at-City-Walk.png,projects,projects/central-park-at-city-walk.png,Central Park at City Walk,,1200,630
277,2021/03/Xidan-Cultural-Plaza-Stage-2-TopDaylight.jpg,projects,projects/xidan-cultural-plaza-stage-2-topdaylight.jpg,Xidan Cultural Plaza Stage 2,,2400,1800
278,2021/03/Haikou-International-Duty-Free-City-TopDaylight.jpg,projects,projects/haikou-international-duty-free-city-topdaylight.jpg,Haikou International Duty Free City,,2400,1350
279,2021/03/The-MixC-in-Shanghai-DaylightControls.jpg,projects,projects/the-mixc-in-shanghai-daylightcontrols.jpg,The MixC in Shanghai,,2400,1600
280,2021/03/Taskin-City-Plaza-DaylightControls.jpg,projects,projects/taskin-city-plaza-daylightcontrols.jpg,Taskin City Plaza,,2399,1598
